first_name,last_Name,email,phone,sex,birthday
John, Doe, jdoe@SFSU.edu,415-555-1212,M, 07-12-1960
Alexander, Hamilton,ahamilton@SFSU.edu,415-555-1213,M, 08-12-1898
Franklin, Roosevelt, froosevelt@SFSU.edu,415-555-1214, M, 07-12-1886
Thomas, Jefferson,tjefferson@SFSU.edu,415-555-1215,M, 07-12-1855
Johnny, Appleseed, jappleseed@SFSU.edu,415-555-1313,M, 03-03-1923
Ben, Franklin,bfranklin@SFSU.edu,415-555-1314,M, 03-03-1912
Herb, Hoover, hhoover@SFSU.edu,415-555-1315, M, 03-03-1913
Andrew, Jackson,ajackson@SFSU.edu,415-555-1316,M, 03-03-1916